INSERT INTO MEMBER (MEMBER_ID, USERNAME, PASSWORD, NICKNAME, ACTIVATED, EMAIL) VALUES (1, 'jsh1', '$2a$08$lDnHPz7eUkSi6ao14Twuau08mzhWrL4kyZGGU5xfiGALO/Vxd5DOi', 'jsh1', true, 'jsh@naver.com');
INSERT INTO MEMBER (MEMBER_ID, USERNAME, PASSWORD, NICKNAME, ACTIVATED, EMAIL) VALUES (2, 'jsh2', '$2a$08$lDnHPz7eUkSi6ao14Twuau08mzhWrL4kyZGGU5xfiGALO/Vxd5DOi', 'jsh2', true,'jsh@naver.com');
INSERT INTO MEMBER (MEMBER_ID, USERNAME, PASSWORD, NICKNAME, ACTIVATED, EMAIL) VALUES (3, 'jsh3', '$2a$08$lDnHPz7eUkSi6ao14Twuau08mzhWrL4kyZGGU5xfiGALO/Vxd5DOi', 'jsh3', true,'jsh@naver.com');
INSERT INTO MEMBER (MEMBER_ID, USERNAME, PASSWORD, NICKNAME, ACTIVATED, EMAIL) VALUES (4, 'skc1', '$2a$08$UkVvwpULis18S19S5pZFn.YHPZt3oaqHZnDwqbCW9pft6uFtkXKDC', 'skc1', true,'skc@naver.com');
INSERT INTO MEMBER (MEMBER_ID, USERNAME, PASSWORD, NICKNAME, ACTIVATED, EMAIL) VALUES (5, 'skc2', '$2a$08$UkVvwpULis18S19S5pZFn.YHPZt3oaqHZnDwqbCW9pft6uFtkXKDC', 'skc2', true,'skc@naver.com');
INSERT INTO MEMBER (MEMBER_ID, USERNAME, PASSWORD, NICKNAME, ACTIVATED, EMAIL) VALUES (6, 'skc3', '$2a$08$UkVvwpULis18S19S5pZFn.YHPZt3oaqHZnDwqbCW9pft6uFtkXKDC', 'skc3', true,'skc@naver.com');

INSERT INTO MEMBER_AUTHORITY (MEMBER_ID, AUTHORITY_NAME) values (1, 'ROLE_USER');
INSERT INTO MEMBER_AUTHORITY (MEMBER_ID, AUTHORITY_NAME) values (2, 'ROLE_ADMIN');
INSERT INTO MEMBER_AUTHORITY (MEMBER_ID, AUTHORITY_NAME) values (3, 'ROLE_USER');
INSERT INTO MEMBER_AUTHORITY (MEMBER_ID, AUTHORITY_NAME) values (4, 'ROLE_USER');
INSERT INTO MEMBER_AUTHORITY (MEMBER_ID, AUTHORITY_NAME) values (5, 'ROLE_USER');
INSERT INTO MEMBER_AUTHORITY (MEMBER_ID, AUTHORITY_NAME) values (6, 'ROLE_USER');


INSERT INTO PRODUCT (MEMBER_ID, TITLE, PRICE, DESCRIPTION,PRODUCT_CATEGORY,CREATED_TIME,MODIFIED_TIME) VALUES (1,'PRODUCT1',40000,'A product description is the marketing copy that explains what a product is and why its worth purchasing. ','의류',CURRENT_TIMESTAMP,CURRENT_TIMESTAMP );
INSERT INTO PRODUCT (MEMBER_ID, TITLE, PRICE, DESCRIPTION,PRODUCT_CATEGORY,CREATED_TIME,MODIFIED_TIME) VALUES (2,'PRODUCT2',40000,'A product description is the marketing copy that explains what a product is and why its worth purchasing. ','운동기구',CURRENT_TIMESTAMP,CURRENT_TIMESTAMP );
INSERT INTO PRODUCT (MEMBER_ID, TITLE, PRICE, DESCRIPTION,PRODUCT_CATEGORY,CREATED_TIME,MODIFIED_TIME) VALUES (1,'PRODUCT3',40000,'A product description is the marketing copy that explains what a product is and why its worth purchasing. .','의류',CURRENT_TIMESTAMP,CURRENT_TIMESTAMP );
INSERT INTO PRODUCT (MEMBER_ID, TITLE, PRICE, DESCRIPTION,PRODUCT_CATEGORY,CREATED_TIME,MODIFIED_TIME) VALUES (1,'PRODUCT4',40000,'A product description is the marketing copy that explains what a product is and why its worth purchasing. T','운동기구',CURRENT_TIMESTAMP,CURRENT_TIMESTAMP );
INSERT INTO PRODUCT (MEMBER_ID, TITLE, PRICE, DESCRIPTION,PRODUCT_CATEGORY,CREATED_TIME,MODIFIED_TIME) VALUES (1,'PRODUCT6',40000,'A product description is the marketing copy that explains what a product is and why it worth purchasing. ','의류',CURRENT_TIMESTAMP,CURRENT_TIMESTAMP );
INSERT INTO PRODUCT (MEMBER_ID, TITLE, PRICE, DESCRIPTION,PRODUCT_CATEGORY,CREATED_TIME,MODIFIED_TIME) VALUES (3,'PRODUCT7',40000,'A product description is the marketing copy that explains what a product is and why its worth purchasing.' ,'의류',CURRENT_TIMESTAMP,CURRENT_TIMESTAMP );
INSERT INTO PRODUCT (MEMBER_ID, TITLE, PRICE, DESCRIPTION,PRODUCT_CATEGORY,CREATED_TIME,MODIFIED_TIME) VALUES (4,'PRODUCT8',40000,'A product description is the marketing copy that explains what a product is and why its worth purchasing.','운동기구',CURRENT_TIMESTAMP,CURRENT_TIMESTAMP );
INSERT INTO PRODUCT (MEMBER_ID, TITLE, PRICE, DESCRIPTION,PRODUCT_CATEGORY,CREATED_TIME,MODIFIED_TIME) VALUES (5,'PRODUCT9',40000,'A product description is the marketing copy that explains what a product is and why its worth purchasing. importantompelled to buy.','의류',CURRENT_TIMESTAMP,CURRENT_TIMESTAMP );
INSERT INTO PRODUCT (MEMBER_ID, TITLE, PRICE, DESCRIPTION,PRODUCT_CATEGORY,CREATED_TIME,MODIFIED_TIME) VALUES (4,'PRODUCT10',40000,'A product description is the marketing copy that explains what a product is and why its worth purchasing. The purpe compelled to buy.','의류',CURRENT_TIMESTAMP,CURRENT_TIMESTAMP );
INSERT INTO PRODUCT (MEMBER_ID, TITLE, PRICE, DESCRIPTION,PRODUCT_CATEGORY,CREATED_TIME,MODIFIED_TIME) VALUES (3,'PRODUCT11',40000,'A product description is the marketing copy that explains what a product is and why its worth purchasing. The purposepelled to buy.','운동기구',CURRENT_TIMESTAMP,CURRENT_TIMESTAMP );
INSERT INTO PRODUCT (MEMBER_ID, TITLE, PRICE, DESCRIPTION,PRODUCT_CATEGORY,CREATED_TIME,MODIFIED_TIME) VALUES (1,'PRODUCT12',40000,'A product description is the marketing copy that explains what a product is and why its worth purchasing. The .','의류',CURRENT_TIMESTAMP,CURRENT_TIMESTAMP );
INSERT INTO PRODUCT (MEMBER_ID, TITLE, PRICE, DESCRIPTION,PRODUCT_CATEGORY,CREATED_TIME,MODIFIED_TIME) VALUES (2,'PRODUCT13',40000,'A product description is the marketing copy that explains what a product is and why is worth purchasing. The purpose of a theyre compelled to buy.','운동기구',CURRENT_TIMESTAMP,CURRENT_TIMESTAMP );
INSERT INTO PRODUCT (MEMBER_ID, TITLE, PRICE, DESCRIPTION,PRODUCT_CATEGORY,CREATED_TIME,MODIFIED_TIME) VALUES (2,'PRODUCT14',40000,'A product description is the marketing copy that explains what a product is and why its worth purchasing. The purpose of a duct so theyre compelled to buy.','의류',CURRENT_TIMESTAMP,CURRENT_TIMESTAMP );
INSERT INTO PRODUCT (MEMBER_ID, TITLE, PRICE, DESCRIPTION,PRODUCT_CATEGORY,CREATED_TIME,MODIFIED_TIME) VALUES (3,'PRODUCT15',40000,'A product description is the marketing copy that explains what a product is and why its worth purchasing. The purpose of a  dortant  about the features and benefits of the product so theyre compelled to buy.','의류',CURRENT_TIMESTAMP,CURRENT_TIMESTAMP );
INSERT INTO PRODUCT (MEMBER_ID, TITLE, PRICE, DESCRIPTION,PRODUCT_CATEGORY,CREATED_TIME,MODIFIED_TIME) VALUES (2,'PRODUCT16',40000,'A product description is the marketing copy that explains what a product is and why its worth purchasing. The purpose of a proinformation about the features and benefits of the product so theyre compelled to buy.','운동기구',CURRENT_TIMESTAMP,CURRENT_TIMESTAMP );
INSERT INTO PRODUCT (MEMBER_ID, TITLE, PRICE, DESCRIPTION,PRODUCT_CATEGORY,CREATED_TIME,MODIFIED_TIME) VALUES (1,'PRODUCT17',40000,'A product description is the marketing copy that explains what a product is and why its worth purchasing. The purpose of a pros of the product so theyre compelled to buy.','의류',CURRENT_TIMESTAMP,CURRENT_TIMESTAMP );
INSERT INTO PRODUCT (MEMBER_ID, TITLE, PRICE, DESCRIPTION,PRODUCT_CATEGORY,CREATED_TIME,MODIFIED_TIME) VALUES (5,'PRODUCT18',40000,'A product description is the marketing copy that explains what a product is and why its worth purchasing. The purpose ofenefits of the product so theyre compelled to buy.','의류',CURRENT_TIMESTAMP,CURRENT_TIMESTAMP );
INSERT INTO PRODUCT (MEMBER_ID, TITLE, PRICE, DESCRIPTION,PRODUCT_CATEGORY,CREATED_TIME,MODIFIED_TIME) VALUES (5,'PRODUCT19',40000,'A product description is the marketing copy that explains what a product is and why its worth purchasing. The purposee product so theyre compelled to buy.','운동기구',CURRENT_TIMESTAMP,CURRENT_TIMESTAMP );
INSERT INTO PRODUCT (MEMBER_ID, TITLE, PRICE, DESCRIPTION,PRODUCT_CATEGORY,CREATED_TIME,MODIFIED_TIME) VALUES (6,'PRODUCT20',40000,'A product description is the marketing copy that explains what a product is and why its worth purchasing. The purpose of aroduct so theyre compelled to buy.','의류',CURRENT_TIMESTAMP,CURRENT_TIMESTAMP );
INSERT INTO PRODUCT (MEMBER_ID, TITLE, PRICE, DESCRIPTION,PRODUCT_CATEGORY,CREATED_TIME,MODIFIED_TIME) VALUES (1,'PRODUCT21',40000,'A product description is the marketing copy that explains what a product is and why its worth purchasing. The purposeduct so theyre compelled to buy.','운동기구',CURRENT_TIMESTAMP,CURRENT_TIMESTAMP );
INSERT INTO PRODUCT (MEMBER_ID, TITLE, PRICE, DESCRIPTION,PRODUCT_CATEGORY,CREATED_TIME,MODIFIED_TIME) VALUES (1,'PRODUCT22',40000,'A product description is the marketing copy that explains what a product is and why its worth purchasing. The poduct so theyre compelled to buy.','의류',CURRENT_TIMESTAMP,CURRENT_TIMESTAMP );
INSERT INTO PRODUCT (MEMBER_ID, TITLE, PRICE, DESCRIPTION,PRODUCT_CATEGORY,CREATED_TIME,MODIFIED_TIME) VALUES (1,'PRODUCT23',40000,'A product description is the marketing copy that explains what a product is and why its worth purchasing. The purpoompelled to buy.','의류',CURRENT_TIMESTAMP,CURRENT_TIMESTAMP );
INSERT INTO PRODUCT (MEMBER_ID, TITLE, PRICE, DESCRIPTION,PRODUCT_CATEGORY,CREATED_TIME,MODIFIED_TIME) VALUES (6,'PRODUCT24',40000,'A product description is the marketing copy that explains what a product is and why its worth purchasing. The purposed to buy.','운동기구',CURRENT_TIMESTAMP,CURRENT_TIMESTAMP );
INSERT INTO PRODUCT (MEMBER_ID, TITLE, PRICE, DESCRIPTION,PRODUCT_CATEGORY,CREATED_TIME,MODIFIED_TIME) VALUES (6,'PRODUCT25',40000,'A product description is the marketing copy that explains what a product is and why its worth purchasing. The purpose of a pelled to buy.','의류',CURRENT_TIMESTAMP,CURRENT_TIMESTAMP );
INSERT INTO PRODUCT (MEMBER_ID, TITLE, PRICE, DESCRIPTION,PRODUCT_CATEGORY,CREATED_TIME,MODIFIED_TIME) VALUES (6,'PRODUCT26',40000,'A product description is the marketing copy that explains what a product is and why its worth purchasing. The pu compelled to buy.','의류',CURRENT_TIMESTAMP,CURRENT_TIMESTAMP );
INSERT INTO PRODUCT (MEMBER_ID, TITLE, PRICE, DESCRIPTION,PRODUCT_CATEGORY,CREATED_TIME,MODIFIED_TIME) VALUES (6,'PRODUCT27',40000,'A product description is the marketing copy that explains what a product is and why its worth purchasing. The purposlled to buy.','운동기구',CURRENT_TIMESTAMP,CURRENT_TIMESTAMP );
INSERT INTO PRODUCT (MEMBER_ID, TITLE, PRICE, DESCRIPTION,PRODUCT_CATEGORY,CREATED_TIME,MODIFIED_TIME) VALUES (5,'PRODUCT28',40000,'A product description is the marketing copy that explains what a product is and why its worth purchasing. The purpocompelled to buy.','의류',CURRENT_TIMESTAMP,CURRENT_TIMESTAMP );
INSERT INTO PRODUCT (MEMBER_ID, TITLE, PRICE, DESCRIPTION,PRODUCT_CATEGORY,CREATED_TIME,MODIFIED_TIME) VALUES (5,'PRODUCT29',40000,'A product description is the marketing copy that explains what a product is and why its worth purchasing. The purpobuy.','운동기구',CURRENT_TIMESTAMP,CURRENT_TIMESTAMP );
INSERT INTO PRODUCT (MEMBER_ID, TITLE, PRICE, DESCRIPTION,PRODUCT_CATEGORY,CREATED_TIME,MODIFIED_TIME) VALUES (5,'PRODUCT30',40000,'A product description is the marketing copy that explains what a product is and why its worth purchasing. The puelled to buy.','의류',CURRENT_TIMESTAMP,CURRENT_TIMESTAMP );
INSERT INTO PRODUCT (MEMBER_ID, TITLE, PRICE, DESCRIPTION,PRODUCT_CATEGORY,CREATED_TIME,MODIFIED_TIME) VALUES (4,'PRODUCT32',40000,'A product description is the marketing copy that explains what a product is and why its worth purchasing. The purbuy.','운동기구',CURRENT_TIMESTAMP,CURRENT_TIMESTAMP );
INSERT INTO PRODUCT (MEMBER_ID, TITLE, PRICE, DESCRIPTION,PRODUCT_CATEGORY,CREATED_TIME,MODIFIED_TIME) VALUES (4,'PRODUCT33',40000,'A product description is the marketing copy that explains what a product is and why its worth purchasing. The pued to buy.','의류',CURRENT_TIMESTAMP,CURRENT_TIMESTAMP );
INSERT INTO PRODUCT (MEMBER_ID, TITLE, PRICE, DESCRIPTION,PRODUCT_CATEGORY,CREATED_TIME,MODIFIED_TIME) VALUES (3,'PRODUCT34',40000,'A product description is the marketing copy that explains what a product is and why its worth purchasing. The pud to buy.','의류',CURRENT_TIMESTAMP,CURRENT_TIMESTAMP );
INSERT INTO PRODUCT (MEMBER_ID, TITLE, PRICE, DESCRIPTION,PRODUCT_CATEGORY,CREATED_TIME,MODIFIED_TIME) VALUES (3,'PRODUCT35',40000,'A product description is the marketing copy that explains what a product is and why its worth purchasing. The puompelled to buy.','운동기구',CURRENT_TIMESTAMP,CURRENT_TIMESTAMP );
INSERT INTO PRODUCT (MEMBER_ID, TITLE, PRICE, DESCRIPTION,PRODUCT_CATEGORY,CREATED_TIME,MODIFIED_TIME) VALUES (3,'PRODUCT36',40000,'A product description is the marketing copy that explains what a product is and why its worth purchasing. Thempelled to buy.','의류',CURRENT_TIMESTAMP,CURRENT_TIMESTAMP );
INSERT INTO PRODUCT (MEMBER_ID, TITLE, PRICE, DESCRIPTION,PRODUCT_CATEGORY,CREATED_TIME,MODIFIED_TIME) VALUES (2,'PRODUCT37',40000,'A product description is the marketing copy that explains what a product is and why its worth purchasing. Thyre compelled to buy.','운동기구',CURRENT_TIMESTAMP,CURRENT_TIMESTAMP );
INSERT INTO PRODUCT (MEMBER_ID, TITLE, PRICE, DESCRIPTION,PRODUCT_CATEGORY,CREATED_TIME,MODIFIED_TIME) VALUES (1,'PRODUCT38',40000,'A product description is the marketing copy that explains what a product is and why its worth purchasing. The purpe compelled to buy.','의류',CURRENT_TIMESTAMP,CURRENT_TIMESTAMP );
INSERT INTO PRODUCT (MEMBER_ID, TITLE, PRICE, DESCRIPTION,PRODUCT_CATEGORY,CREATED_TIME,MODIFIED_TIME) VALUES (1,'PRODUCT39',40000,'A product description is the marketing copy that explains what a product is and why its worth purchasing. The plled to buy.','의류',CURRENT_TIMESTAMP,CURRENT_TIMESTAMP );
INSERT INTO PRODUCT (MEMBER_ID, TITLE, PRICE, DESCRIPTION,PRODUCT_CATEGORY,CREATED_TIME,MODIFIED_TIME) VALUES (2,'PRODUCT40',40000,'A product description is the marketing copy that explains what a product is and why its worth purchasing. Tf the product so theyre compelled to buy.','운동기구',CURRENT_TIMESTAMP,CURRENT_TIMESTAMP );
INSERT INTO PRODUCT (MEMBER_ID, TITLE, PRICE, DESCRIPTION,PRODUCT_CATEGORY,CREATED_TIME,MODIFIED_TIME) VALUES (1,'PRODUCT41',40000,'A product description is the marketing copy that explains what a product is and why its worth purchasing. The purpose elled to buy.','의류',CURRENT_TIMESTAMP,CURRENT_TIMESTAMP );
INSERT INTO PRODUCT (MEMBER_ID, TITLE, PRICE, DESCRIPTION,PRODUCT_CATEGORY,CREATED_TIME,MODIFIED_TIME) VALUES (1,'PRODUCT42',40000,'A product description is the marketing copy that explains what a product is and why its worth purchasing. The purposeroduct so theyre compelled to buy.','의류',CURRENT_TIMESTAMP,CURRENT_TIMESTAMP );
INSERT INTO PRODUCT (MEMBER_ID, TITLE, PRICE, DESCRIPTION,PRODUCT_CATEGORY,CREATED_TIME,MODIFIED_TIME) VALUES (2,'PRODUCT43',40000,'A product description is the marketing copy that explains what a product is and why its worth purchasing. The purpose of a product dee product so theyre compelled to buy.','운동기구',CURRENT_TIMESTAMP,CURRENT_TIMESTAMP );
INSERT INTO PRODUCT (MEMBER_ID, TITLE, PRICE, DESCRIPTION,PRODUCT_CATEGORY,CREATED_TIME,MODIFIED_TIME) VALUES (1,'PRODUCT44',40000,'A product description is the marketing copy that explains what a product is and why its worth purchasing. The purpose of a producnefits of the product so theyre compelled to buy.','의류',CURRENT_TIMESTAMP,CURRENT_TIMESTAMP );
INSERT INTO PRODUCT (MEMBER_ID, TITLE, PRICE, DESCRIPTION,PRODUCT_CATEGORY,CREATED_TIME,MODIFIED_TIME) VALUES (1,'PRODUCT45',40000,'A product description is the marketing copy that explains what a product is and why its worth purchasing. The purpose of a product description is toed to buy.','운동기구',CURRENT_TIMESTAMP,CURRENT_TIMESTAMP );
INSERT INTO PRODUCT (MEMBER_ID, TITLE, PRICE, DESCRIPTION,PRODUCT_CATEGORY,CREATED_TIME,MODIFIED_TIME) VALUES (1,'PRODUCT46',40000,'A product description is the marketing copy that explains what a product is and why its worth purchasing. The purpose of a product detures and benefits of the product so theyre compelled to buy.','의류',CURRENT_TIMESTAMP,CURRENT_TIMESTAMP );
INSERT INTO PRODUCT (MEMBER_ID, TITLE, PRICE, DESCRIPTION,PRODUCT_CATEGORY,CREATED_TIME,MODIFIED_TIME) VALUES (1,'PRODUCT47',40000,'A product description is the marketing copy that explains what a product is and why its worth purchasing. The purroduct so theye compelled to buy.','의류',CURRENT_TIMESTAMP,CURRENT_TIMESTAMP );
INSERT INTO PRODUCT (MEMBER_ID, TITLE, PRICE, DESCRIPTION,PRODUCT_CATEGORY,CREATED_TIME,MODIFIED_TIME) VALUES (2,'PRODUCT48',40000,'A product description is the marketing copy that explains what a product is and why its worth purchasing. The nefits of the product so theyre compelled to buy.','운동기구',CURRENT_TIMESTAMP,CURRENT_TIMESTAMP );
INSERT INTO PRODUCT (MEMBER_ID, TITLE, PRICE, DESCRIPTION,PRODUCT_CATEGORY,CREATED_TIME,MODIFIED_TIME) VALUES (1,'PRODUCT49',40000,'A product description is the marketing copy that explains what a product is and why its worth purchasing. The pur.','의류',CURRENT_TIMESTAMP,CURRENT_TIMESTAMP );
INSERT INTO PRODUCT (MEMBER_ID, TITLE, PRICE, DESCRIPTION,PRODUCT_CATEGORY,CREATED_TIME,MODIFIED_TIME) VALUES (1,'PRODUCT50',40000,'A product description is the marketing copy that explains what a product is and why its worth purchasing.tures and benefits of the product so theyre compelled to buy.','의류',CURRENT_TIMESTAMP,CURRENT_TIMESTAMP );


INSERT INTO COMMUNITY (MEMBER_ID, TITLE, DESCRIPTION,COMMUNITY_CATEGORY,CREATED_TIME,MODIFIED_TIME) VALUES (1,'COMMUNITY1','1동네생활에 대한 설명입니다.','동네질문',CURRENT_TIMESTAMP,CURRENT_TIMESTAMP );
INSERT INTO COMMUNITY (MEMBER_ID, TITLE, DESCRIPTION,COMMUNITY_CATEGORY,CREATED_TIME,MODIFIED_TIME) VALUES (2,'COMMUNITY2','2동네생활에 대한 설명입니다.','동네맛집',CURRENT_TIMESTAMP,CURRENT_TIMESTAMP );
INSERT INTO COMMUNITY (MEMBER_ID, TITLE, DESCRIPTION,COMMUNITY_CATEGORY,CREATED_TIME,MODIFIED_TIME) VALUES (3,'COMMUNITY3','3동네생활에 대한 설명입니다.','동네질문',CURRENT_TIMESTAMP,CURRENT_TIMESTAMP );
INSERT INTO COMMUNITY (MEMBER_ID, TITLE, DESCRIPTION,COMMUNITY_CATEGORY,CREATED_TIME,MODIFIED_TIME) VALUES (4,'COMMUNITY4','4동네생활에 대한 설명입니다.','동네맛집',CURRENT_TIMESTAMP,CURRENT_TIMESTAMP );
INSERT INTO COMMUNITY (MEMBER_ID, TITLE, DESCRIPTION,COMMUNITY_CATEGORY,CREATED_TIME,MODIFIED_TIME) VALUES (5,'COMMUNITY5','5동네생활에 대한 설명입니다.','동네맛집',CURRENT_TIMESTAMP,CURRENT_TIMESTAMP );

INSERT INTO PHOTO (PRODUCT_ID,PATH) VALUES (2,'https://daangn-images.s3.ap-northeast-2.amazonaws.com/static/test-1.jpeg');
INSERT INTO PHOTO (PRODUCT_ID,PATH) VALUES (3,'https://daangn-images.s3.ap-northeast-2.amazonaws.com/static/test-2.jpeg');
INSERT INTO PHOTO (PRODUCT_ID,PATH) VALUES (4,'https://daangn-images.s3.ap-northeast-2.amazonaws.com/static/test-4.jpeg');
INSERT INTO PHOTO (PRODUCT_ID,PATH) VALUES (5,'https://daangn-images.s3.ap-northeast-2.amazonaws.com/static/test-4.jpeg');
INSERT INTO PHOTO (PRODUCT_ID,PATH) VALUES (6,'https://daangn-images.s3.ap-northeast-2.amazonaws.com/static/test-5.jpeg');
INSERT INTO PHOTO (PRODUCT_ID,PATH) VALUES (7,'https://daangn-images.s3.ap-northeast-2.amazonaws.com/static/test-3.jpeg');
INSERT INTO PHOTO (PRODUCT_ID,PATH) VALUES (8,'https://daangn-images.s3.ap-northeast-2.amazonaws.com/static/test-1.jpeg');
INSERT INTO PHOTO (PRODUCT_ID,PATH) VALUES (9,'https://daangn-images.s3.ap-northeast-2.amazonaws.com/static/test-2.jpeg');
INSERT INTO PHOTO (PRODUCT_ID,PATH) VALUES (10,'https://daangn-images.s3.ap-northeast-2.amazonaws.com/static/test-4.jpeg');
INSERT INTO PHOTO (PRODUCT_ID,PATH) VALUES (11,'https://daangn-images.s3.ap-northeast-2.amazonaws.com/static/test-4.jpeg');
INSERT INTO PHOTO (PRODUCT_ID,PATH) VALUES (12,'https://daangn-images.s3.ap-northeast-2.amazonaws.com/static/test-5.jpeg');
INSERT INTO PHOTO (PRODUCT_ID,PATH) VALUES (13,'https://daangn-images.s3.ap-northeast-2.amazonaws.com/static/test-3.jpeg');
INSERT INTO PHOTO (PRODUCT_ID,PATH) VALUES (14,'https://daangn-images.s3.ap-northeast-2.amazonaws.com/static/test-1.jpeg');
INSERT INTO PHOTO (PRODUCT_ID,PATH) VALUES (15,'https://daangn-images.s3.ap-northeast-2.amazonaws.com/static/test-2.jpeg');
INSERT INTO PHOTO (PRODUCT_ID,PATH) VALUES (16,'https://daangn-images.s3.ap-northeast-2.amazonaws.com/static/test-4.jpeg');
INSERT INTO PHOTO (PRODUCT_ID,PATH) VALUES (17,'https://daangn-images.s3.ap-northeast-2.amazonaws.com/static/test-4.jpeg');
INSERT INTO PHOTO (PRODUCT_ID,PATH) VALUES (18,'https://daangn-images.s3.ap-northeast-2.amazonaws.com/static/test-5.jpeg');
INSERT INTO PHOTO (PRODUCT_ID,PATH) VALUES (19,'https://daangn-images.s3.ap-northeast-2.amazonaws.com/static/test-3.jpeg');
INSERT INTO PHOTO (PRODUCT_ID,PATH) VALUES (20,'https://daangn-images.s3.ap-northeast-2.amazonaws.com/static/test-1.jpeg');
INSERT INTO PHOTO (PRODUCT_ID,PATH) VALUES (21,'https://daangn-images.s3.ap-northeast-2.amazonaws.com/static/test-2.jpeg');
INSERT INTO PHOTO (PRODUCT_ID,PATH) VALUES (22,'https://daangn-images.s3.ap-northeast-2.amazonaws.com/static/test-4.jpeg');
INSERT INTO PHOTO (PRODUCT_ID,PATH) VALUES (23,'https://daangn-images.s3.ap-northeast-2.amazonaws.com/static/test-4.jpeg');
INSERT INTO PHOTO (PRODUCT_ID,PATH) VALUES (24,'https://daangn-images.s3.ap-northeast-2.amazonaws.com/static/test-5.jpeg');
INSERT INTO PHOTO (PRODUCT_ID,PATH) VALUES (25,'https://daangn-images.s3.ap-northeast-2.amazonaws.com/static/test-3.jpeg');
INSERT INTO PHOTO (PRODUCT_ID,PATH) VALUES (26,'https://daangn-images.s3.ap-northeast-2.amazonaws.com/static/test-1.jpeg');
INSERT INTO PHOTO (PRODUCT_ID,PATH) VALUES (27,'https://daangn-images.s3.ap-northeast-2.amazonaws.com/static/test-2.jpeg');
INSERT INTO PHOTO (PRODUCT_ID,PATH) VALUES (28,'https://daangn-images.s3.ap-northeast-2.amazonaws.com/static/test-4.jpeg');
INSERT INTO PHOTO (PRODUCT_ID,PATH) VALUES (29,'https://daangn-images.s3.ap-northeast-2.amazonaws.com/static/test-4.jpeg');
INSERT INTO PHOTO (PRODUCT_ID,PATH) VALUES (30,'https://daangn-images.s3.ap-northeast-2.amazonaws.com/static/test-5.jpeg');
INSERT INTO PHOTO (PRODUCT_ID,PATH) VALUES (31,'https://daangn-images.s3.ap-northeast-2.amazonaws.com/static/test-2.jpeg');
INSERT INTO PHOTO (PRODUCT_ID,PATH) VALUES (32,'https://daangn-images.s3.ap-northeast-2.amazonaws.com/static/test-4.jpeg');
INSERT INTO PHOTO (PRODUCT_ID,PATH) VALUES (33,'https://daangn-images.s3.ap-northeast-2.amazonaws.com/static/test-4.jpeg');
INSERT INTO PHOTO (PRODUCT_ID,PATH) VALUES (34,'https://daangn-images.s3.ap-northeast-2.amazonaws.com/static/test-5.jpeg');
INSERT INTO PHOTO (PRODUCT_ID,PATH) VALUES (35,'https://daangn-images.s3.ap-northeast-2.amazonaws.com/static/test-3.jpeg');
INSERT INTO PHOTO (PRODUCT_ID,PATH) VALUES (36,'https://daangn-images.s3.ap-northeast-2.amazonaws.com/static/test-1.jpeg');
INSERT INTO PHOTO (PRODUCT_ID,PATH) VALUES (37,'https://daangn-images.s3.ap-northeast-2.amazonaws.com/static/test-2.jpeg');
INSERT INTO PHOTO (PRODUCT_ID,PATH) VALUES (38,'https://daangn-images.s3.ap-northeast-2.amazonaws.com/static/test-4.jpeg');
INSERT INTO PHOTO (PRODUCT_ID,PATH) VALUES (39,'https://daangn-images.s3.ap-northeast-2.amazonaws.com/static/test-4.jpeg');
INSERT INTO PHOTO (PRODUCT_ID,PATH) VALUES (40,'https://daangn-images.s3.ap-northeast-2.amazonaws.com/static/test-5.jpeg');
INSERT INTO PHOTO (PRODUCT_ID,PATH) VALUES (41,'https://daangn-images.s3.ap-northeast-2.amazonaws.com/static/test-2.jpeg');
INSERT INTO PHOTO (PRODUCT_ID,PATH) VALUES (42,'https://daangn-images.s3.ap-northeast-2.amazonaws.com/static/test-4.jpeg');
INSERT INTO PHOTO (PRODUCT_ID,PATH) VALUES (43,'https://daangn-images.s3.ap-northeast-2.amazonaws.com/static/test-4.jpeg');
INSERT INTO PHOTO (PRODUCT_ID,PATH) VALUES (44,'https://daangn-images.s3.ap-northeast-2.amazonaws.com/static/test-5.jpeg');
INSERT INTO PHOTO (PRODUCT_ID,PATH) VALUES (45,'https://daangn-images.s3.ap-northeast-2.amazonaws.com/static/test-3.jpeg');
INSERT INTO PHOTO (PRODUCT_ID,PATH) VALUES (46,'https://daangn-images.s3.ap-northeast-2.amazonaws.com/static/test-1.jpeg');
INSERT INTO PHOTO (PRODUCT_ID,PATH) VALUES (47,'https://daangn-images.s3.ap-northeast-2.amazonaws.com/static/test-2.jpeg');
INSERT INTO PHOTO (PRODUCT_ID,PATH) VALUES (48,'https://daangn-images.s3.ap-northeast-2.amazonaws.com/static/test-4.jpeg');
INSERT INTO PHOTO (PRODUCT_ID,PATH) VALUES (49,'https://daangn-images.s3.ap-northeast-2.amazonaws.com/static/test-4.jpeg');

INSERT INTO PHOTO (COMMUNITY_ID,PATH) VALUES (1,'https://daangn-images.s3.ap-northeast-2.amazonaws.com/static/test-2.jpeg');
INSERT INTO PHOTO (COMMUNITY_ID,PATH) VALUES (2,'https://daangn-images.s3.ap-northeast-2.amazonaws.com/static/test-6.jpeg');
INSERT INTO PHOTO (COMMUNITY_ID,PATH) VALUES (3,'https://daangn-images.s3.ap-northeast-2.amazonaws.com/static/test-7.jpeg');
INSERT INTO PHOTO (COMMUNITY_ID,PATH) VALUES (4,'https://daangn-images.s3.ap-northeast-2.amazonaws.com/static/test-8.jpeg');
INSERT INTO PHOTO (COMMUNITY_ID,PATH) VALUES (5,'https://daangn-images.s3.ap-northeast-2.amazonaws.com/static/test-1.jpeg');