-- 멤버등록 sql
INSERT INTO MEMBER (MEMBER_ID, USERNAME, PASSWORD, NICKNAME, ACTIVATED, EMAIL) VALUES (1, 'jsh1', '$2a$08$lDnHPz7eUkSi6ao14Twuau08mzhWrL4kyZGGU5xfiGALO/Vxd5DOi', 'jsh1', 1, 'jsh@naver.com');
INSERT INTO MEMBER (MEMBER_ID, USERNAME, PASSWORD, NICKNAME, ACTIVATED, EMAIL) VALUES (2, 'jsh2', '$2a$08$lDnHPz7eUkSi6ao14Twuau08mzhWrL4kyZGGU5xfiGALO/Vxd5DOi', 'jsh2', 1,'jsh@naver.com');
INSERT INTO MEMBER (MEMBER_ID, USERNAME, PASSWORD, NICKNAME, ACTIVATED, EMAIL) VALUES (3, 'jsh3', '$2a$08$lDnHPz7eUkSi6ao14Twuau08mzhWrL4kyZGGU5xfiGALO/Vxd5DOi', 'jsh3', 1,'jsh@naver.com');
INSERT INTO MEMBER (MEMBER_ID, USERNAME, PASSWORD, NICKNAME, ACTIVATED, EMAIL) VALUES (4, 'skc1', '$2a$08$UkVvwpULis18S19S5pZFn.YHPZt3oaqHZnDwqbCW9pft6uFtkXKDC', 'skc1', 1,'skc@naver.com');
INSERT INTO MEMBER (MEMBER_ID, USERNAME, PASSWORD, NICKNAME, ACTIVATED, EMAIL) VALUES (5, 'skc2', '$2a$08$UkVvwpULis18S19S5pZFn.YHPZt3oaqHZnDwqbCW9pft6uFtkXKDC', 'skc2', 1,'skc@naver.com');
INSERT INTO MEMBER (MEMBER_ID, USERNAME, PASSWORD, NICKNAME, ACTIVATED, EMAIL) VALUES (6, 'skc3', '$2a$08$UkVvwpULis18S19S5pZFn.YHPZt3oaqHZnDwqbCW9pft6uFtkXKDC', 'skc3', 1,'skc@naver.com');



INSERT INTO AUTHORITY (AUTHORITY_NAME) values ('ROLE_USER');
INSERT INTO AUTHORITY (AUTHORITY_NAME) values ('ROLE_ADMIN');

INSERT INTO MEMBER_AUTHORITY (MEMBER_ID, AUTHORITY_NAME) values (1, 'ROLE_USER');
INSERT INTO MEMBER_AUTHORITY (MEMBER_ID, AUTHORITY_NAME) values (2, 'ROLE_ADMIN');
INSERT INTO MEMBER_AUTHORITY (MEMBER_ID, AUTHORITY_NAME) values (3, 'ROLE_USER');
INSERT INTO MEMBER_AUTHORITY (MEMBER_ID, AUTHORITY_NAME) values (4, 'ROLE_USER');
INSERT INTO MEMBER_AUTHORITY (MEMBER_ID, AUTHORITY_NAME) values (5, 'ROLE_USER');
INSERT INTO MEMBER_AUTHORITY (MEMBER_ID, AUTHORITY_NAME) values (6, 'ROLE_USER');

-- 상품등록 sql
INSERT INTO PRODUCT (MEMBER_ID, TITLE, PRICE, DESCRIPTION,PRODUCT_CATEGORY,CREATED_TIME,MODIFIED_TIME) VALUES (1,'PRODUCT1',40000,'1번아이템에 대한 설명입니다.','의류',CURRENT_TIMESTAMP,CURRENT_TIMESTAMP );
INSERT INTO PRODUCT (MEMBER_ID, TITLE, PRICE, DESCRIPTION,PRODUCT_CATEGORY,CREATED_TIME,MODIFIED_TIME) VALUES (2,'PRODUCT2',40000,'2번아이템에 대한 설명입니다.','운동기구',CURRENT_TIMESTAMP,CURRENT_TIMESTAMP );
INSERT INTO PRODUCT (MEMBER_ID, TITLE, PRICE, DESCRIPTION,PRODUCT_CATEGORY,CREATED_TIME,MODIFIED_TIME) VALUES (1,'PRODUCT3',40000,'3번아이템에 대한 설명입니다.','의류',CURRENT_TIMESTAMP,CURRENT_TIMESTAMP );
INSERT INTO PRODUCT (MEMBER_ID, TITLE, PRICE, DESCRIPTION,PRODUCT_CATEGORY,CREATED_TIME,MODIFIED_TIME) VALUES (1,'PRODUCT4',40000,'3번아이템에 대한 설명입니다.','운동기구',CURRENT_TIMESTAMP,CURRENT_TIMESTAMP );
INSERT INTO PRODUCT (MEMBER_ID, TITLE, PRICE, DESCRIPTION,PRODUCT_CATEGORY,CREATED_TIME,MODIFIED_TIME) VALUES (1,'PRODUCT5',40000,'4번아이템에 대한 설명입니다.','의류',CURRENT_TIMESTAMP,CURRENT_TIMESTAMP );
INSERT INTO PRODUCT (MEMBER_ID, TITLE, PRICE, DESCRIPTION,PRODUCT_CATEGORY,CREATED_TIME,MODIFIED_TIME) VALUES (1,'PRODUCT6',40000,'5번아이템에 대한 설명입니다.','의류',CURRENT_TIMESTAMP,CURRENT_TIMESTAMP );

--동네생활 등록 sql
INSERT INTO COMMUNITY (MEMBER_ID, TITLE, DESCRIPTION,COMMUNITY_CATEGORY,CREATED_TIME,MODIFIED_TIME) VALUES (1,'COMMUNITY1','1동네생활에 대한 설명입니다.','동네질문',CURRENT_TIMESTAMP,CURRENT_TIMESTAMP );
INSERT INTO COMMUNITY (MEMBER_ID, TITLE, DESCRIPTION,COMMUNITY_CATEGORY,CREATED_TIME,MODIFIED_TIME) VALUES (2,'COMMUNITY2','2동네생활에 대한 설명입니다.','동네맛집',CURRENT_TIMESTAMP,CURRENT_TIMESTAMP );
INSERT INTO COMMUNITY (MEMBER_ID, TITLE, DESCRIPTION,COMMUNITY_CATEGORY,CREATED_TIME,MODIFIED_TIME) VALUES (3,'COMMUNITY3','3동네생활에 대한 설명입니다.','동네질문',CURRENT_TIMESTAMP,CURRENT_TIMESTAMP );
INSERT INTO COMMUNITY (MEMBER_ID, TITLE, DESCRIPTION,COMMUNITY_CATEGORY,CREATED_TIME,MODIFIED_TIME) VALUES (4,'COMMUNITY4','4동네생활에 대한 설명입니다.','동네맛집',CURRENT_TIMESTAMP,CURRENT_TIMESTAMP );
INSERT INTO COMMUNITY (MEMBER_ID, TITLE, DESCRIPTION,COMMUNITY_CATEGORY,CREATED_TIME,MODIFIED_TIME) VALUES (5,'COMMUNITY5','5동네생활에 대한 설명입니다.','동네맛집',CURRENT_TIMESTAMP,CURRENT_TIMESTAMP );

INSERT INTO PHOTO (PRODUCT_ID,PATH) VALUES (1,'https://daangn-images.s3.ap-northeast-2.amazonaws.com/static/test-3.jpeg');
INSERT INTO PHOTO (PRODUCT_ID,PATH) VALUES (2,'https://daangn-images.s3.ap-northeast-2.amazonaws.com/static/test-1.jpeg');
INSERT INTO PHOTO (PRODUCT_ID,PATH) VALUES (3,'https://daangn-images.s3.ap-northeast-2.amazonaws.com/static/test-2.jpeg');
INSERT INTO PHOTO (PRODUCT_ID,PATH) VALUES (4,'https://daangn-images.s3.ap-northeast-2.amazonaws.com/static/test-4.jpeg');
INSERT INTO PHOTO (PRODUCT_ID,PATH) VALUES (5,'https://daangn-images.s3.ap-northeast-2.amazonaws.com/static/test-4.jpeg');
INSERT INTO PHOTO (PRODUCT_ID,PATH) VALUES (6,'https://daangn-images.s3.ap-northeast-2.amazonaws.com/static/test-5.jpeg');
INSERT INTO PHOTO (COMMUNITY_ID,PATH) VALUES (1,'https://daangn-images.s3.ap-northeast-2.amazonaws.com/static/test-2.jpeg');
INSERT INTO PHOTO (COMMUNITY_ID,PATH) VALUES (2,'https://daangn-images.s3.ap-northeast-2.amazonaws.com/static/test-6.jpeg');
INSERT INTO PHOTO (COMMUNITY_ID,PATH) VALUES (3,'https://daangn-images.s3.ap-northeast-2.amazonaws.com/static/test-7.jpeg');
INSERT INTO PHOTO (COMMUNITY_ID,PATH) VALUES (4,'https://daangn-images.s3.ap-northeast-2.amazonaws.com/static/test-8.jpeg');
INSERT INTO PHOTO (COMMUNITY_ID,PATH) VALUES (5,'https://daangn-images.s3.ap-northeast-2.amazonaws.com/static/test-1.jpeg');